name,n_samples,H0_mean,H0_std,H0_median,H0_q16,H0_q84,sigma_systematic
Planck,10000,67.38752059394282,0.6059284465516538,67.38388568240406,66.78555637385703,67.9950161219826,0.1495779454304985
SH0ES,5000,73.05110191656999,1.1130084857197071,73.03693070311557,71.95515607725714,74.16176814610537,0.4478041636164138
DES,8000,67.18840350762424,0.7456462148069561,67.19472969749363,66.44426802182261,67.92778090501015,0.25067530026379664
